n,mean_x,mean_y,mean_diff_x_minus_y,sd_diff,cohens_dz,t_stat,t_p,wilcoxon_stat,wilcoxon_p,sign_p,sign_pos,sign_neg,metric,label
5,4.2,3.6,0.6,0.5477225575051662,1.0954451150103321,2.449489742783178,0.07048399691021993,0.0,0.25,0.25,3.0,0.0,clarity,Clarity
5,4.6,3.0,1.6,0.5477225575051661,2.921186973360886,6.531972647421809,0.0028378459267344464,0.0,0.0625,0.0625,5.0,0.0,comfort,Comfort
5,4.2,3.2,1.0,0.0,,inf,0.0,0.0,0.0625,0.0625,5.0,0.0,responsiveness,Responsiveness
5,4.4,3.0,1.4,0.5477225575051661,2.556038601690775,5.715476066494082,0.004635839417904412,0.0,0.0625,0.0625,5.0,0.0,satisfaction,Satisfaction
5,4.35,3.2,1.15,0.22360679774997896,5.142956348249516,11.5,0.00032642125636699325,0.0,0.0625,0.0625,5.0,0.0,overall_mean_rating,Overall Mean Rating
